NAME,SLpM,Str. Acc.,SApM,Str. Def.,TD Avg.,TD Acc.,TD Def.,Sub. Avg.
Magomed Ankalaev,3.66,52%,2.46,57%,0.8,22%,87%,0.0
Tom Aspinall,8.07,67%,2.89,65%,3.27,100%,100%,1.6
Dricus Du Plessis,6.12,48%,4.9,54%,2.55,50%,50%,0.7
Merab Dvalishvili,4.36,42%,2.51,56%,5.89,35%,82%,0.3
Jon Jones,4.38,58%,2.24,64%,1.89,45%,95%,0.5
Islam Makhachev,2.63,58%,1.55,61%,3.2,53%,90%,1.1
Belal Muhammad,4.39,43%,3.48,57%,2.28,39%,89%,0.2
Alexandre Pantoja,4.41,50%,3.92,50%,2.74,47%,68%,0.9
Julianna Pena,3.25,44%,2.53,57%,1.81,56%,23%,0.8
Valentina Shevchenko,3.16,52%,2.0,64%,2.74,64%,71%,0.3
Ilia Topuria,4.69,47%,3.84,64%,2.02,61%,92%,1.1
Zhang Weili,5.15,53%,2.77,54%,2.24,45%,74%,0.5
