NAME,RECORD,NICKNAME,HEIGHT,WEIGHT,REACH,STANCE,DOB
Magomed Ankalaev,21-1-1 (1 NC),,"6' 3""",205 lbs.,"75""",Orthodox,"Jun 02, 1992"
Tom Aspinall,15-3-0,,"6' 5""",256 lbs.,"78""",Orthodox,"Apr 11, 1993"
Dricus Du Plessis,23-2-0,Stillknocks,"6' 1""",185 lbs.,"76""",Switch,"Jan 14, 1994"
Merab Dvalishvili,19-4-0,The Machine,"5' 6""",135 lbs.,"68""",Orthodox,"Jan 10, 1991"
Jon Jones,28-1-0 (1 NC),Bones,"6' 4""",248 lbs.,"84""",Orthodox,"Jul 19, 1987"
Islam Makhachev,27-1-0,,"5' 10""",155 lbs.,"70""",Southpaw,"Oct 27, 1991"
Belal Muhammad,24-3-0 (1 NC),Remember the Name,"5' 11""",170 lbs.,"72""",Orthodox,"Jul 09, 1988"
Alexandre Pantoja,29-5-0,The Cannibal,"5' 5""",125 lbs.,"67""",Orthodox,"Apr 16, 1990"
Julianna Pena,13-5-0,The Venezuelan Vixen,"5' 6""",135 lbs.,"69""",Orthodox,"Aug 19, 1989"
Valentina Shevchenko,24-4-1,Bullet,"5' 5""",125 lbs.,"66""",Southpaw,"Mar 07, 1988"
Ilia Topuria,16-0-0,El Matador,"5' 7""",145 lbs.,"69""",Orthodox,"Jan 21, 1997"
Zhang Weili,26-3-0,Magnum,"5' 4""",115 lbs.,"63""",Switch,"Aug 13, 1989"
